<inboundEndpoint name="ECommerce_WebSockReceiver" onError="fault" protocol="ws"
                 sequence="orderManagementReqDataMapper_Seq" suspend="false">
   <parameters>
      <parameter name="inbound.ws.port">9093</parameter>
      <parameter name="ws.outflow.dispatch.sequence">orderManagementServerPushDataMapper_Seq</parameter>
      <parameter name="ws.client.side.broadcast.level">0</parameter>
      <parameter name="ws.outflow.dispatch.fault.sequence">fault</parameter>
   </parameters>
</inboundEndpoint>
