<inboundEndpoint name="OrderManager_WebSockListener" onError="fault" protocol="ws"
                 sequence="orderManagementReq_Seq" suspend="false">
   <parameters>
      <parameter name="inbound.ws.port">9091</parameter>
      <parameter name="ws.outflow.dispatch.sequence">orderManagementServerPushSeq</parameter>
      <parameter name="ws.client.side.broadcast.level">0</parameter>
      <parameter name="ws.outflow.dispatch.fault.sequence">fault</parameter>
   </parameters>
</inboundEndpoint>
