<?xml version="1.0" encoding="UTF-8"?>
<sequence xmlns="http://ws.apache.org/ns/synapse" name="HL7_GW_Seq" onError="ABCHelathcareHL7_Fault">

   <log level="full">
      <property name="Status" value="== HL7 Message Received =="/>
   </log>
   <property name="HL7_APPLICATION_ACK" value="true" scope="axis2"/>

   <!-- ... Data Mapper ...-->
   <property name="messageType" value="application/edi-hl7" scope="axis2"/>

   <call>
      <endpoint name="XYZ_Healthcare_EP">
         <address uri="hl7://localhost:9988"/>
      </endpoint>
   </call>

   <log level="full">
      <property name="Status" value="== Successful : Sending Application ACK =="/>
   </log>

   <property name="HL7_RESULT_MODE" value="ACK" scope="axis2"/>

   <respond/>

</sequence>
