<inboundEndpoint xmlns="http://ws.apache.org/ns/synapse"
                 name="HL7_GW_Receiver"
                 sequence="HL7_GW_Seq"
                 onError="fault"
                 protocol="hl7"
                 suspend="false">
   <parameters>
      <parameter name="inbound.hl7.Port">20002</parameter>
      <parameter name="inbound.hl7.AutoAck">false</parameter>
      <parameter name="inbound.hl7.ValidateMessage">true</parameter>
      <parameter name="inbound.hl7.TimeOut">10000</parameter>
      <parameter name="inbound.hl7.CharSet">UTF-8</parameter>
      <parameter name="inbound.hl7.BuildInvalidMessages">false</parameter>
      <parameter name="inbound.hl7.PassThroughInvalidMessages">false</parameter>
   </parameters>
</inboundEndpoint>