<?xml version="1.0" encoding="UTF-8"?>

<!--
  ~ Copyright 2011-2012 WSO2, Inc. (http://wso2.com)
  ~
  ~ Licensed under the Apache License, Version 2.0 (the "License");
  ~ you may not use this file except in compliance with the License.
  ~ You may obtain a copy of the License at
  ~
  ~ http://www.apache.org/licenses/LICENSE-2.0
  ~
  ~ Unless required by applicable law or agreed to in writing, software
  ~ distributed under the License is distributed on an "AS IS" BASIS,
  ~ WITHOUT WARRANTIES OR CONDITIONS OF ANY KIND, either express or implied.
  ~ See the License for the specific language governing permissions and
  ~ limitations under the License.
  -->

<beans xmlns="http://www.springframework.org/schema/beans"
       xmlns:xsi="http://www.w3.org/2001/XMLSchema-instance"
       xmlns:jaxrs="http://cxf.apache.org/jaxrs"
       xsi:schemaLocation="
         http://www.springframework.org/schema/beans http://www.springframework.org/schema/beans/spring-beans-2.0.xsd
         http://cxf.apache.org/jaxrs http://cxf.apache.org/schemas/jaxrs.xsd">

    <import resource="classpath:META-INF/cxf/cxf.xml"/>
    <import resource="classpath:META-INF/cxf/cxf-servlet.xml"/>

    <jaxrs:server id="pizzaRest" address="/menu">
        <jaxrs:serviceBeans>
            <ref bean="pizzaRestService"/>
        </jaxrs:serviceBeans>
        <jaxrs:providers>
            <ref bean="listCollectionProvider"/>
            <ref bean="orderReader"/>
            <ref bean="pizzaReader"/>
        </jaxrs:providers>
    </jaxrs:server>

    <bean id="listCollectionProvider" class="org.wso2.pizzashop.providers.ListCollectionWriter"/>
    <bean id="orderReader" class="org.wso2.pizzashop.providers.OrderReader"/>
    <bean id="pizzaReader" class="org.wso2.pizzashop.providers.PizzaReader"/>

    <bean id="pizzaRestService" class="org.wso2.pizzashop.PizzaRestServiceImpl"/>
</beans>

